Lowest for Cert,LiveUrl,Uid,Title_x,Certification,Total Units,Visitors,Page Views,Module Completed Rate,Module Started,Module Completed,Badges,Shared Badges,Module Hours Viewed,Module Avg Minutes per UV,Sum of Duration,Average Star rating,Total Rater,CSAT Response Rate,,Correlation between Duration and completion rate
1,https://docs.microsoft.com/en-us/learn/modules/msgraph-build-aspnetmvc-apps/,learn-m365.msgraph-build-aspnetmvc-apps,Build ASP.NET MVC web applications with the Microsoft Graph .NET SDK ,ms-600,8,"1,471","7,583",13.15%,829,109,105,,328.3933333,13.39469748,67,5,5,1.70%,,-0.399979901
0,https://docs.microsoft.com/en-us/learn/modules/embedded-web-experiences/,learn-m365.embedded-web-experiences,Create embedded web experiences with tabs for Microsoft Teams ,ms-600,8,"1,395","4,784",18.07%,714,129,143,,173.8561111,7.477682198,83,4.9,10,1.53%,,
0,https://docs.microsoft.com/en-us/learn/modules/msteams-conversation-bots/,learn-m365.msteams-conversation-bots,Create interactive conversational bots for Microsoft Teams ,ms-600,8,"1,119","4,356",18.59%,651,121,130,,166.9386111,8.951131963,72,4.714285714,7,0.00%,,
0,https://docs.microsoft.com/en-us/learn/modules/msgraph-changenotifications-trackchanges/,learn-m365.msgraph-changenotifications-trackchanges,Use Change Notifications and Track Changes with Microsoft Graph ,ms-600,8,857,"5,273",19.41%,505,98,103,,240.7427778,16.85480358,69,4.714285714,7,2.15%,,
1,https://docs.microsoft.com/en-us/learn/modules/manage-secrets-with-azure-key-vault/,learn.manage-secrets-with-azure-key-vault,Manage secrets in your server apps with Azure Key Vault ,az-500,7,"3,372","31,836",20.78%,"2,464",512,562,3,855.3325,15.2194395,46,4.657142857,35,2.27%,,
0,https://docs.microsoft.com/en-us/learn/modules/msgraph-access-file-data/,learn-m365.msgraph-access-file-data,Access Files with Microsoft Graph ,ms-600,8,534,"2,525",21.52%,381,82,92,,100.1625,11.25421348,62,5,4,2.27%,,
0,https://docs.microsoft.com/en-us/learn/modules/getting-started-identity/,learn-m365.getting-started-identity,Getting Started with Microsoft Identity ,ms-600,8,"1,172","5,336",22.02%,672,148,144,3,315.3191667,16.14261945,70,4.8,10,3.09%,,
1,https://docs.microsoft.com/en-us/learn/modules/implement-initial-configuration-of-azure-active-directory/,learn.wwl.implement-initial-configuration-of-azure-active-directory,Implement initial configuration of Azure Active Directory ,sc-300,10,"2,993","19,777",23.22%,"2,722",632,626,9,1308.022222,26.22162824,53,4.75,52,3.55%,,
0,https://docs.microsoft.com/en-us/learn/modules/optimize-data-usage/,learn-m365.optimize-data-usage,Optimize data usage when using Microsoft Graph with query parameters ,ms-600,8,591,"3,437",23.32%,536,125,124,,142.5063889,14.46765369,35,4.666666667,6,2.12%,,
0,https://docs.microsoft.com/en-us/learn/modules/identity-users-groups-approles/,learn-m365.identity-users-groups-approles,"Work with users, groups, and roles in custom apps and APIs ",ms-600,8,730,"3,441",23.63%,419,99,106,1,156.3588889,12.85141553,73,4.916666667,12,2.04%,,
0,https://docs.microsoft.com/en-us/learn/modules/msteams-webhooks-connectors/,learn-m365.msteams-webhooks-connectors,Connect web services to Microsoft Teams with webhooks and Office 365 Connectors ,ms-600,8,758,"2,993",24.53%,481,118,125,1,110.0291667,8.709432718,67,4.6,5,2.99%,,
0,https://docs.microsoft.com/en-us/learn/modules/msteams-sso/,learn-m365.msteams-sso,Microsoft Teams â€“ Authentication and Single Sign-on ,ms-600,8,617,"2,563",26.09%,345,90,98,,80.87888889,7.865045921,75,5,5,5.88%,,
0,https://docs.microsoft.com/en-us/learn/modules/secure-aspnet-core-identity/,learn.secure-aspnet-core-identity,Secure an ASP.NET Core web app with the Identity framework ,az-500,8,"2,868","13,525",26.39%,"1,777",469,500,6,481.8419444,10.08037541,68,4.527777778,36,2.78%,,
0,https://docs.microsoft.com/en-us/learn/modules/azure-well-architected-security/,learn.azure-well-architected-security,Microsoft Azure Well-Architected Framework - Security ,az-500,8,"8,058","53,228",26.80%,"7,380","1,978","1,997",41,4458.679444,33.19940018,62,4.808510638,235,2.70%,,
0,https://docs.microsoft.com/en-us/learn/modules/capture-application-logs-app-service/,learn.azure.capture-application-logs-app-service,Capture Web Application Logs with App Service Diagnostics Logging ,az-500,8,"5,922","30,612",26.96%,"4,537","1,223","1,230",8,1361.913333,13.79851402,55,4.727272727,99,2.30%,,
1,https://docs.microsoft.com/en-us/learn/modules/m365-messaging-hybrid-environment/,learn-m365.m365-messaging-hybrid-environment,Plan and implement a hybrid environment ,ms-203,8,969,"6,756",29.53%,867,256,219,9,229.3372222,14.2004472,33,4.9,10,2.47%,,
1,https://docs.microsoft.com/en-us/learn/modules/search-for-content-security-compliance-center/,learn.wwl.search-for-content-security-compliance-center,Search for content in the Microsoft 365 compliance center ,ms-101,9,76,331,31.11%,45,14,14,,8.172222222,6.451754386,42,4.666666667,3,4.08%,,
0,https://docs.microsoft.com/en-us/learn/modules/msteams-messaging-extensions/,learn-m365.msteams-messaging-extensions,Task-oriented interactions in Microsoft Teams with messaging extensions ,ms-600,8,559,"3,187",31.14%,440,137,149,,155.8325,16.72620751,84,4.777777778,9,1.98%,,
0,https://docs.microsoft.com/en-us/learn/modules/understand-actionable-messages/,learn-m365-pr.understand-actionable-messages,Understand Actionable Messages in Outlook fundamentals ,ms-600,7,"2,119","12,188",31.33%,"1,899",595,535,2,397.0672222,11.2430549,16,4.875,48,2.54%,,
1,https://docs.microsoft.com/en-us/learn/modules/m365-security-threat-protect/,learn-m365.m365-security-threat-protect,Protect against threats with Microsoft Defender for Endpoint ,ms-500,4,"4,403","20,716",31.86%,"4,084","1,301","1,264",8,1201.468333,16.37249603,72,4.698630137,73,0.85%,,
1,https://docs.microsoft.com/en-us/learn/modules/m365-security-threat-protect/,learn-m365.m365-security-threat-protect,Protect against threats with Microsoft Defender for Endpoint ,sc-200,4,"4,403","20,716",31.86%,"4,084","1,301","1,264",8,1201.468333,16.37249603,72,4.698630137,73,1.66%,,
0,https://docs.microsoft.com/en-us/learn/modules/identity-secure-custom-api/,learn-m365.identity-secure-custom-api,Secure custom APIs with Microsoft Identity ,ms-600,8,438,"2,179",32.48%,274,89,97,,91.99777778,12.60243531,83,4.333333333,6,1.62%,,
1,https://docs.microsoft.com/en-us/learn/modules/explore-teams/,learn.wwl.explore-teams,Explore Microsoft Teams ,ms-700,11,285,"2,115",33.20%,259,86,92,6,69.31,14.59157895,49,5,9,1.25%,,
0,https://docs.microsoft.com/en-us/learn/modules/explore-exchange-online/,learn.wwl.explore-exchange-online,Explore Exchange Online as a Microsoft 365 Enterprise Administrator ,ms-100,9,360,"1,956",33.33%,213,71,71,1,97.00138889,16.16689815,37,4.5,4,2.99%,,
1,https://docs.microsoft.com/en-us/learn/modules/construct-kusto-query-language-statements/,learn.wwl.construct-kql-statements,Construct KQL statements for Azure Sentinel ,sc-200,10,"1,062","8,856",34.21%,956,327,292,1,288.2755556,16.28675455,36,4.555555556,9,2.08%,,
1,https://docs.microsoft.com/en-us/learn/modules/intro-to-endpoint-manager/,learn.intro-to-endpoint-manager,Introduction to Microsoft Endpoint Manager ,md-101,10,"3,472","23,447",34.22%,"3,001","1,027","1,005",16,871.4680556,15.05993184,25,4.754716981,106,5.11%,,
1,https://docs.microsoft.com/en-us/learn/modules/explore-sharepoint-online/,learn.wwl.explore-sharepoint-online,Explore SharePoint Online as a Microsoft 365 Enterprise Administrator ,ms-100,9,493,"2,197",34.32%,236,81,82,,114.2086111,13.89962813,36,4.8,5,1.67%,,
,https://docs.microsoft.com/en-us/learn/modules/introduction-to-mobile-device-management/,learn.wwl.introduction-to-mobile-device-management,Explore Mobile Device Management ,ms-101,7,113,569,35.00%,80,28,30,,15.14888889,8.043657817,32,5,2,4.00%,,
,https://docs.microsoft.com/en-us/learn/modules/m365-compliance-information-governance/,learn-m365.m365-compliance-information-governance,Introduction to information protection and governance in Microsoft 365 ,sc-400,6,"1,366","7,515",35.71%,"1,288",460,405,5,456.3355556,20.04402147,44,4.944444444,18,2.79%,,
,https://docs.microsoft.com/en-us/learn/modules/intro-office-add-ins/,learn-m365.intro-office-add-ins,Introduction to Office client customization with add-ins ,ms-600,6,"1,123","5,827",35.85%,767,275,289,2,324.3577778,17.32989018,51,4.777777778,27,2.89%,,
,https://docs.microsoft.com/en-us/learn/modules/plan-your-identity-authentication-solution-for-microsoft-365/,learn.wwl.plan-your-identity-authentication-solution-for-microsoft-365,Plan your identity and authentication solution for Microsoft 365 ,ms-100,11,118,527,36.21%,58,21,18,,22.07638889,11.22528249,59,5,3,3.28%,,
,https://docs.microsoft.com/en-us/learn/modules/resolve-windows-10-upgrade-errors/,learn.wwl.resolve-windows-10-upgrade-errors,Resolve Windows 10 upgrade errors ,ms-101,10,45,215,36.36%,22,8,9,1,1.611111111,2.148148148,37,5,1,3.33%,,
,https://docs.microsoft.com/en-us/learn/modules/create-windows-virtual-machine-in-azure/,learn.create-a-windows-vm-in-azure,Create a Windows virtual machine in Azure ,az-500,7,"13,887","77,544",36.48%,"10,983","4,007","4,161",59,1554.199444,6.715054847,51,4.735159817,219,0.00%,,
,https://docs.microsoft.com/en-us/learn/modules/explore-password-management-microsoft-365/,learn.wwl.explore-password-management-microsoft-365,Explore password management in Microsoft 365 ,ms-100,9,115,433,36.54%,52,19,22,,15.7525,8.218695652,35,4.666666667,3,2.25%,,
,https://docs.microsoft.com/en-us/learn/modules/introduction-to-microsoft-365-threat-intelligence/,learn.wwl.introduction-to-microsoft-365-threat-intelligence,Explore threat intelligence in Microsoft 365 ,ms-101,11,72,453,36.73%,49,18,20,,18.64027778,15.53356481,49,5,1,1.33%,,
,https://docs.microsoft.com/en-us/learn/modules/explore-archiving-microsoft-365/,learn.wwl.explore-archiving-microsoft-365,Explore archiving in Microsoft 365 ,ms-101,7,102,449,37.50%,64,24,23,,16.65,9.794117647,28,5,2,1.67%,,
,https://docs.microsoft.com/en-us/learn/modules/create-an-azure-account/,learn.create-azure-account,Create an Azure account ,az-500,7,"12,129","53,836",37.89%,"6,856","2,598","2,460",22,1404.287222,6.946758458,39,4.826923077,208,1.25%,,
,https://docs.microsoft.com/en-us/learn/modules/m365-messaging-manage-org-settings/,learn-m365.m365-messaging-manage-org-settings,Plan and manage organizational settings with Exchange Online ,ms-203,8,615,"4,291",38.28%,499,191,190,,209.8269444,20.47092141,46,4.777777778,9,2.54%,,
,https://docs.microsoft.com/en-us/learn/modules/examine-zero-trust-approach-to-security-microsoft-365/,learn.wwl.examine-zero-trust-approach-to-security-microsoft-365,Explore the Zero Trust security model ,ms-101,7,288,"1,073",38.35%,133,51,46,1,35.57416667,7.411284722,30,4.8,5,0.00%,,
,https://docs.microsoft.com/en-us/learn/modules/configure-administrative-roles-microsoft-365/,learn.wwl.configure-administrative-roles-microsoft-365,Configure administrative roles in Microsoft 365 ,ms-100,12,133,925,38.46%,91,35,37,,23.93361111,10.79711779,53,5,2,2.10%,,
,https://docs.microsoft.com/en-us/learn/modules/msgraph-access-user-data/,learn-m365.msgraph-access-user-data,Access User Data from Microsoft Graph ,ms-600,8,333,"1,916",39.17%,240,94,103,,59.89416667,10.79174174,82,4.857142857,7,1.85%,,
,https://docs.microsoft.com/en-us/learn/modules/msteams-task-modules/,learn-m365.msteams-task-modules,Collect Input in Microsoft Teams with Task Modules ,ms-600,8,432,"2,284",39.58%,283,112,124,,81.86361111,11.36994599,72,4.8,5,1.72%,,
,https://docs.microsoft.com/en-us/learn/modules/intro-microsoft-teams-apps/,learn-m365.intro-microsoft-teams-apps,Introduction to building apps for Microsoft Teams ,ms-600,6,"1,804","9,960",39.74%,"1,389",552,519,5,444.5416667,14.78519956,39,4.75,40,2.32%,,
,https://docs.microsoft.com/en-us/learn/modules/manage-advanced-ediscovery/,learn.wwl.manage-advanced-ediscovery,Manage Advanced eDiscovery ,ms-101,8,56,283,41.38%,29,12,10,1,8.166388889,8.749702381,34,5,3,2.16%,,
,https://docs.microsoft.com/en-us/learn/modules/describe-security-concepts-methodologies/,learn.wwl.describe-security-concepts-methodologies,Describe security concepts and methodologies ,sc-900,9,"7,035","56,850",41.60%,"6,748","2,807","2,568",19,2595.836111,22.13932717,26,4.896414343,251,4.06%,,
,https://docs.microsoft.com/en-us/learn/modules/analyze-data-in-sentinel/,learn.azure.analyze-data-in-sentinel,Threat detection with Azure Sentinel analytics ,sc-200,9,802,"5,602",41.67%,660,275,279,1,314.1058333,23.49918953,70,4.833333333,12,1.31%,,
,https://docs.microsoft.com/en-us/learn/modules/intro-sharepoint-framework/,learn-m365.intro-sharepoint-framework,Introduction to customizing and extending SharePoint ,ms-600,6,"1,303","6,078",41.86%,860,360,363,,338.1497222,15.57097723,63,4.75,16,1.39%,,
,https://docs.microsoft.com/en-us/learn/modules/build-multi-table-statements-kusto-query-language/,learn.wwl.build-multi-table-statements-kql,Build multi-table statements using KQL ,sc-200,5,760,"3,377",42.41%,540,229,237,,89.69361111,7.081074561,21,5,4,3.17%,,
,https://docs.microsoft.com/en-us/learn/modules/examine-windows-10-deployment-scenarios/,learn.wwl.examine-windows-10-deployment-scenarios,Examine Windows 10 deployment scenarios ,ms-101,8,61,312,43.90%,41,18,19,2,8.586944444,8.446174863,29,5,1,1.27%,,
,https://docs.microsoft.com/en-us/learn/modules/introduction-to-desktop-analytics/,learn.wwl.introduction-to-desktop-analytics,Analyze Windows 10 diagnostic data using Desktop Analytics ,ms-101,8,49,230,44.00%,25,11,11,,5.221666667,6.393877551,37,5,2,0.00%,,
,https://docs.microsoft.com/en-us/learn/modules/intro-to-azure-sentinel/,learn.intro-to-azure-sentinel,Introduction to Azure Sentinel ,sc-200,6,"2,282","12,300",44.04%,"1,685",742,660,9,519.3766667,13.65582822,29,4.8,50,1.13%,,
,https://docs.microsoft.com/en-us/learn/modules/explore-power-automate/,learn.wwl.explore-power-automate,Create flows as a Microsoft 365 Enterprise Administrator with Power Automate ,ms-100,8,96,529,44.26%,61,27,28,,14.17194444,8.857465278,31,,,5.36%,,
,https://docs.microsoft.com/en-us/learn/modules/introduction-to-identity-synchronization/,learn.wwl.introduction-to-identity-synchronization,Explore identity synchronization ,ms-100,7,71,408,44.90%,49,22,24,,25.32888889,21.40469484,22,5,1,1.83%,,
,https://docs.microsoft.com/en-us/learn/modules/evaluate-your-compliance-readiness/,learn.wwl.evaluate-your-compliance-readiness,Evaluate your compliance readiness ,ms-101,8,44,232,45.16%,31,14,14,,3.918611111,5.343560606,31,5,1,1.52%,,
,https://docs.microsoft.com/en-us/learn/modules/manage-user-accounts-licenses-microsoft-365/,learn.wwl.manage-user-accounts-licenses-microsoft-365,Manage user accounts and licenses in Microsoft 365 ,ms-100,8,134,658,45.33%,75,34,31,,22.54472222,10.09465174,28,5,4,1.26%,,
,https://docs.microsoft.com/en-us/learn/modules/transition-from-configuration-manager-to-intune/,learn.wwl.transition-from-configuration-manager-to-intune,Transition from Configuration Manager to Intune ,ms-101,7,157,658,45.45%,77,35,33,,19.65777778,7.512526539,23,5,3,0.72%,,
,https://docs.microsoft.com/en-us/learn/modules/explore-power-bi/,learn.wwl.explore-power-bi,Create reports and dashboards as a Microsoft 365 Enterprise Administrator with Power BI ,ms-100,9,160,778,45.57%,79,36,35,,18.11805556,6.794270833,37,4.5,2,0.83%,,
,https://docs.microsoft.com/en-us/learn/modules/m365-messaging-migration/,learn-m365.m365-messaging-migration,Plan and implement migration to Exchange Online ,ms-203,6,605,"3,103",46.05%,443,204,191,3,198.165,19.65272727,23,4.8,10,4.07%,,
,https://docs.microsoft.com/en-us/learn/modules/m365-get-modern-intro/,learn-m365.get-modern-intro,Get started with Microsoft 365 ,md-100,3,"3,314","12,904",46.16%,"2,905","1,341","1,223",11,395.75,7.165057333,18,4.776470588,85,6.12%,,
,https://docs.microsoft.com/en-us/learn/modules/explore-retention-microsoft-365/,learn.wwl.explore-retention-microsoft-365,Explore retention in Microsoft 365 ,ms-101,9,52,307,46.67%,30,14,13,,14.04444444,16.20512821,51,5,2,1.11%,,
,https://docs.microsoft.com/en-us/learn/modules/what-is-azure-defender/,learn.wwl.what-is-azure-defender,Plan for cloud workload protections using Azure Defender ,sc-200,7,503,"2,900",47.06%,425,200,205,,129.4283333,15.4387674,51,4.666666667,3,1.11%,,
,https://docs.microsoft.com/en-us/learn/modules/work-with-data-kusto-query-language/,learn.wwl.work-with-data-kql,Work with data in Azure Sentinel using Kusto Query Language ,sc-200,7,554,"3,042",47.87%,399,191,206,,119.3827778,12.92954272,36,4.2,5,1.90%,,
,https://docs.microsoft.com/en-us/learn/modules/identity-application-types/,learn-m365.identity-application-types,Application types in Microsoft identity ,ms-600,8,332,"2,289",47.88%,236,113,119,,118.8322222,21.47570281,50,4.75,4,2.35%,,
,https://docs.microsoft.com/en-us/learn/modules/implement-manage-hybrid-identity/,learn.wwl.implement-manage-hybrid-identity,Implement and manage hybrid identity ,sc-300,11,943,"8,438",47.92%,795,381,416,2,497.8375,31.67576882,70,4.705882353,17,2.69%,,
,https://docs.microsoft.com/en-us/learn/modules/create-configure-data-loss-prevention-policies/,learn.wwl.create-configure-data-loss-prevention-policies,Configure DLP policies for Microsoft Cloud App Security and Power Platform ,sc-400,7,382,"2,002",47.98%,248,119,121,,72.89944444,11.45017452,29,5,4,0.00%,,
,https://docs.microsoft.com/en-us/learn/modules/explore-information-rights-management/,learn.wwl.explore-information-rights-management,Explore Information Rights Management ,ms-101,9,49,227,48.00%,25,12,11,,5.841666667,7.153061224,39,5,3,1.56%,,
,https://docs.microsoft.com/en-us/learn/modules/threat-response-sentinel-playbooks/,learn.azure.threat-response-sentinel-playbooks,Threat response with Azure Sentinel playbooks ,sc-200,7,"1,228","4,474",48.07%,518,249,258,,196.1363889,9.583211183,52,4.875,8,3.65%,,
,https://docs.microsoft.com/en-us/learn/modules/implement-applications-azure-ad/,learn.wwl.implement-applications-azure-ad,Implement applications in Azure AD ,ms-100,7,50,221,48.39%,31,15,16,,3.108055556,3.729666667,27,,,1.79%,,
,https://docs.microsoft.com/en-us/learn/modules/optimize-network-traffic/,learn-m365.optimize-network-traffic,Optimize network traffic with Microsoft Graph ,ms-600,8,257,"1,665",48.47%,196,95,103,1,67.56222222,15.77328145,69,5,2,1.23%,,
,https://docs.microsoft.com/en-us/learn/modules/configure-network-for-azure-virtual-machines/,learn.configure-the-network-for-your-virtual-machines,Configure the network for your virtual machines ,az-500,8,"5,132","28,460",48.58%,"3,440","1,671","1,741",6,1143.290833,13.36661146,94,4.701149425,87,3.53%,,
,https://docs.microsoft.com/en-us/learn/modules/m365-compliance-information-prevent-data-loss/,learn-m365.m365-compliance-information-prevent-data-loss,Prevent data loss in Microsoft 365 ,sc-400,10,472,"3,798",48.96%,431,211,197,1,170.4219444,21.6638065,41,5,9,1.20%,,
,https://docs.microsoft.com/en-us/learn/modules/plan-design-integration-of-enterprise-apps-for-sso/,learn.wwl.plan-design-integration-of-enterprise-apps-for-sso,Plan and design the integration of enterprise apps for SSO ,sc-300,8,554,"3,737",49.49%,491,243,256,,197.9152778,21.43486763,35,4.615384615,13,1.41%,,
,https://docs.microsoft.com/en-us/learn/modules/plan-your-migration-to-microsoft-365/,learn.wwl.plan-your-migration-to-microsoft-365,Plan your migration to Microsoft 365 ,ms-100,8,63,351,50.00%,42,21,20,,8.671944444,8.258994709,29,5,1,3.03%,,
,https://docs.microsoft.com/en-us/learn/modules/implement-azure-ad-connect/,learn.wwl.implement-azure-ad-connect,Implement Azure AD Connect ,ms-100,6,141,623,50.00%,88,44,39,,24.94333333,10.6141844,28,4.666666667,3,3.61%,,
,https://docs.microsoft.com/en-us/learn/modules/plan-your-tenant-microsoft-365/,learn.wwl.plan-your-tenant-microsoft-365,Plan your tenant in Microsoft 365 ,ms-100,7,92,493,50.00%,66,33,30,,17.48638889,11.40416667,28,4.5,2,3.24%,,
,https://docs.microsoft.com/en-us/learn/modules/configure-azure-ad-application-proxy/,learn.wwl.configure-azure-ad-application-proxy,Configure Azure AD Application Proxy ,ms-100,7,49,289,50.00%,34,17,17,,10.63083333,13.01734694,25,5,1,0.90%,,
,https://docs.microsoft.com/en-us/learn/modules/manage-retention-email/,learn.wwl.manage-retention-email,Manage retention in email ,ms-101,7,43,194,50.00%,26,13,14,,7.306388889,10.19496124,24,5,3,6.90%,,
,https://docs.microsoft.com/en-us/learn/modules/configure-your-microsoft-365-experience/,learn.wwl.configure-your-microsoft-365-experience,Configure your Microsoft 365 experience ,ms-100,7,78,399,50.00%,64,32,28,,7.863611111,6.048931624,18,5,2,0.00%,,
,https://docs.microsoft.com/en-us/learn/modules/introduction-to-modern-management-in-microsoft-365/,learn-m365-pr.introduction-to-modern-management-in-microsoft-365,Introduction to modern management in Microsoft 365 ,md-101,3,"1,692","6,683",50.41%,"1,458",735,698,3,310.6547222,11.0161249,20,4.739130435,23,2.27%,,
,https://docs.microsoft.com/en-us/learn/modules/create-linux-virtual-machine-in-azure/,learn.create-linux-vm-in-azure,Create a Linux virtual machine in Azure ,az-500,9,"10,702","84,037",50.44%,"9,143","4,612","4,848",95,2539.673889,14.23850059,86,4.807142857,280,1.14%,,
,https://docs.microsoft.com/en-us/learn/modules/plan-implement-entitlement-management/,learn.wwl.plan-implement-entitlement-management,Plan and implement entitlement management ,sc-300,8,488,"3,397",50.59%,425,215,220,,124.8091667,15.34538934,49,5,11,1.57%,,
,https://docs.microsoft.com/en-us/learn/modules/explore-power-apps/,learn.wwl.explore-power-apps,Create apps as a Microsoft 365 Enterprise Administrator with Power Apps ,ms-100,8,98,539,50.79%,63,32,35,,20.97805556,12.84370748,31,3,2,1.67%,,
,https://docs.microsoft.com/en-us/learn/modules/manage-data-retention-microsoft-365/,learn.wwl.manage-data-retention-microsoft-365,Manage data retention in Microsoft 365 workloads ,sc-400,10,222,"1,758",50.83%,181,92,93,,83.98777778,22.6993994,52,5,4,2.98%,,
,https://docs.microsoft.com/en-us/learn/modules/implement-app-registration/,learn.wwl.implement-app-registration,Implement app registration ,sc-300,10,467,"3,998",50.91%,385,196,220,,198.9655556,25.56302641,54,4.647058824,17,1.05%,,
,https://docs.microsoft.com/en-us/learn/modules/explore-place-records-management-sharepoint/,learn.wwl.explore-place-records-management-sharepoint,Explore In-place Records Management in SharePoint ,ms-101,7,83,366,51.28%,39,20,20,,14.63694444,10.58092369,30,4.333333333,3,1.09%,,
,https://docs.microsoft.com/en-us/learn/modules/introduction-to-threat-vectors-data-breaches/,learn.wwl.introduction-to-threat-vectors-data-breaches,Examine threat vectors and data breaches ,ms-101,13,82,737,51.72%,58,30,27,,16.75361111,12.25873984,45,4.666666667,3,2.17%,,
,https://docs.microsoft.com/en-us/learn/modules/implement-microsoft-cloud-application-security/,learn.wwl.implement-microsoft-cloud-application-security,Implement Microsoft Cloud Application Security ,ms-101,7,52,267,51.72%,29,15,19,,8.125833333,9.375961538,34,,,6.98%,,
,https://docs.microsoft.com/en-us/learn/modules/introduction-to-privileged-identity-management/,learn.wwl.introduction-to-privileged-identity-management,Examine Privileged Identity Management ,ms-101,8,89,471,51.92%,52,27,26,,12.09166667,8.151685393,31,5,2,1.77%,,
,https://docs.microsoft.com/en-us/learn/modules/secure-app-with-oidc-and-azure-ad/,learn.secure-app-with-oidc-and-azure-ad,Secure your application by using OpenID Connect and Azure AD ,az-500,6,"3,495","15,123",51.99%,"2,258","1,174","1,232",7,641.9161111,11.02001907,50,4.808510638,47,1.36%,,
,https://docs.microsoft.com/en-us/learn/modules/control-authentication-with-apim/,learn.control-authentication-with-apim,Control authentication for your APIs with Azure API Management ,az-500,7,"3,408","22,539",52.13%,"2,630","1,371","1,371",8,813.9830556,14.3306876,55,4.704225352,71,1.93%,,
,https://docs.microsoft.com/en-us/learn/modules/create-dlp-policy-to-protect-documents/,learn.wwl.create-dlp-policy-to-protect-documents,Create a DLP policy to protect documents ,ms-101,6,35,189,52.17%,23,12,11,,1.940277778,3.326190476,24,5,2,1.69%,,
,https://docs.microsoft.com/en-us/learn/modules/plan-implement-administer-conditional-access/,learn.wwl.plan-implement-administer-conditional-access,"Plan, implement, and administer Conditional Access ",sc-300,14,691,"7,396",52.24%,559,292,325,1,318.7294444,27.67549445,60,4.941176471,17,1.74%,,
,https://docs.microsoft.com/en-us/learn/modules/create-users-and-groups-in-azure-active-directory/,learn.azure.create-users-and-groups-in-azure-active-directory,Create Azure users and groups in Azure Active Directory ,az-500,8,"6,987","50,480",52.37%,"5,734","3,003","3,125",13,2064.605278,17.72954296,41,4.72972973,185,4.09%,,
,https://docs.microsoft.com/en-us/learn/modules/implement-manage-external-identities/,learn.wwl.implement-manage-external-identities,Implement and manage external identities ,sc-300,12,967,"9,675",52.62%,821,432,464,1,468.0283333,29.04002068,60,4.769230769,26,2.46%,,
,https://docs.microsoft.com/en-us/learn/modules/implement-windows-autopilot/,learn.wwl.implement-windows-autopilot,Explore Windows Autopilot deployment models ,ms-101,10,81,431,52.63%,38,20,24,1,18.895,13.9962963,37,4.333333333,3,6.99%,,
,https://docs.microsoft.com/en-us/learn/modules/plan-your-windows-10-subscription-activation-strategy/,learn.wwl.plan-your-windows-10-subscription-activation-strategy,Plan your Windows 10 Subscription Activation strategy ,ms-101,6,52,170,52.63%,19,10,13,1,3.928611111,4.533012821,21,5,1,1.69%,,
,https://docs.microsoft.com/en-us/learn/modules/m365-security-threat-define/,learn-m365.m365-security-threat-define,Introduction to threat protection with Microsoft 365 ,ms-500,4,"2,611","13,592",52.64%,"2,401","1,264","1,158",7,457.1938889,10.50617899,28,4.753623188,69,7.14%,,
,https://docs.microsoft.com/en-us/learn/modules/m365-security-threat-define/,learn-m365.m365-security-threat-define,Introduction to threat protection with Microsoft 365 ,sc-200,4,"2,611","13,592",52.64%,"2,401","1,264","1,158",7,457.1938889,10.50617899,28,4.753623188,69,2.64%,,
,https://docs.microsoft.com/en-us/learn/modules/create-manage-azure-sentinel-workspaces/,learn.wwl.create-manage-azure-sentinel-workspaces,Create and manage Azure Sentinel workspaces ,sc-200,8,697,"4,592",52.73%,567,299,312,,160.1452778,13.78582018,31,4.875,16,2.19%,,
,https://docs.microsoft.com/en-us/learn/modules/manage-users-and-groups-in-aad/,learn.azure-security.manage-users-and-groups-in-aad,Manage users and groups in Azure Active Directory ,az-500,7,"6,455","40,361",52.87%,"4,751","2,512","2,645",13,2133.039722,19.82686032,50,4.787709497,179,1.65%,,
,https://docs.microsoft.com/en-us/learn/modules/deploy-microsoft-defender-for-endpoints-environment/,learn.wwl.deploy-microsoft-defender-for-endpoints-environment,Deploy the Microsoft Defender for Endpoint environment ,sc-200,9,"1,213","10,022",52.91%,"1,049",555,566,5,349.5094444,17.28818357,43,4.685714286,35,1.86%,,
,https://docs.microsoft.com/en-us/learn/modules/introduction-to-exchange-online-protection/,learn.wwl.introduction-to-exchange-online-protection,Examine Exchange Online Protection ,ms-101,8,107,583,53.13%,64,34,31,,25.43277778,14.26137072,32,4.75,4,2.62%,,
,https://docs.microsoft.com/en-us/learn/modules/m365-compliance-insider-manage-insider-risk/,learn-m365.m365-compliance-insider-manage-insider-risk,Manage insider risk in Microsoft 365 ,ms-500,7,841,"5,588",53.33%,780,416,452,,314.8966667,22.46587396,58,4.538461538,13,2.62%,,
,https://docs.microsoft.com/en-us/learn/modules/m365-compliance-insider-manage-insider-risk/,learn-m365.m365-compliance-insider-manage-insider-risk,Manage insider risk in Microsoft 365 ,sc-200,7,841,"5,588",53.33%,780,416,452,,314.8966667,22.46587396,58,4.538461538,13,1.55%,,
,https://docs.microsoft.com/en-us/learn/modules/manage-meetings-virtual-events-experiences/,learn.wwl.manage-meetings-virtual-events-experiences,Manage meetings and virtual events experiences ,ms-700,10,63,544,53.45%,58,31,31,3,7.320277778,6.971693122,54,5,2,1.71%,,
,https://docs.microsoft.com/en-us/learn/modules/msteams-teamwork-endpoint/,learn-m365.msteams-teamwork-endpoint,Microsoft Teams â€“ Use the teamwork Microsoft Graph endpoint ,ms-600,8,240,"1,620",53.93%,178,96,106,,57.90333333,14.47583333,67,5,3,1.02%,,
,https://docs.microsoft.com/en-us/learn/modules/m365-threat-remediate/,learn-m365.m365-threat-remediate,Remediate risks with Microsoft Defender for Office 365 ,ms-500,5,"1,575","8,143",54.26%,"1,421",771,803,2,373.5286111,14.22966138,49,4.888888889,18,2.92%,,
,https://docs.microsoft.com/en-us/learn/modules/m365-threat-remediate/,learn-m365.m365-threat-remediate,Remediate risks with Microsoft Defender for Office 365 ,sc-200,5,"1,575","8,143",54.26%,"1,421",771,803,2,373.5286111,14.22966138,49,4.888888889,18,1.14%,,
,https://docs.microsoft.com/en-us/learn/modules/plan-for-azure-ad-connect-implementation/,learn.wwl.plan-for-azure-ad-connect-implementation,Plan for Azure AD Connect implementation ,ms-100,6,71,361,54.35%,46,25,23,,24.60333333,20.7915493,30,5,2,1.46%,,
,https://docs.microsoft.com/en-us/learn/modules/explore-security-dashboard/,learn.wwl.explore-security-dashboard,Explore the Security Dashboard ,ms-101,8,72,353,54.55%,33,18,19,,8.880277778,7.400231481,34,,,1.25%,,
,https://docs.microsoft.com/en-us/learn/modules/enroll-devices-to-mobile-device-management/,learn.wwl.enroll-devices-to-mobile-device-management,Enroll devices to Mobile Device Management ,ms-101,9,79,428,54.55%,44,24,23,,11.03055556,8.377637131,32,5,1,3.28%,,
,https://docs.microsoft.com/en-us/learn/modules/protect-against-security-threats-azure/,learn.azure.protect-against-security-threats-azure,Protect against security threats on Azure (AZ-900) ,az-500,8,"34,780","306,729",54.68%,"32,928","18,004","17,632",89,13215.94389,22.79921315,25,4.742530756,1138,1.80%,,
,https://docs.microsoft.com/en-us/learn/modules/explore-office-365-message-encryption/,learn.wwl.explore-office-365-message-encryption,Explore Office 365 Message Encryption ,ms-101,8,45,247,55.17%,29,16,17,,4.935555556,6.580740741,32,5,3,2.94%,,
,https://docs.microsoft.com/en-us/learn/modules/manage-groups-microsoft-365/,learn.wwl.manage-groups-microsoft-365,Manage groups in Microsoft 365 ,ms-100,6,101,435,55.17%,58,32,32,,16.15,9.594059406,21,5,2,0.65%,,
,https://docs.microsoft.com/en-us/learn/modules/m365-messaging-role-based-permissions/,learn-m365.m365-messaging-role-based-permissions,Manage role-based-permissions in Microsoft 365 Messaging ,ms-203,7,363,"2,492",55.21%,317,175,169,,112.4083333,18.57988981,34,4.7,10,1.38%,,
,https://docs.microsoft.com/en-us/learn/modules/create-configure-manage-identities/,learn.wwl.create-configure-manage-identities,"Create, configure, and manage identities ",sc-300,11,"1,140","10,516",55.28%,919,508,533,5,387.35,20.38684211,35,4.724137931,29,1.32%,,
,https://docs.microsoft.com/en-us/learn/modules/introduction-to-azure-identity-protection/,learn.wwl.introduction-to-azure-identity-protection,Examine Azure Identity Protection ,ms-101,7,66,324,55.56%,45,25,24,,6.665833333,6.059848485,28,5,2,2.56%,,
,https://docs.microsoft.com/en-us/learn/modules/manage-alerts-incidents-microsoft-defender-for-endpoints/,learn.wwl.manage-alerts-incidents-microsoft-defender-for-endpoints,Manage alerts and incidents in Microsoft Defender for Endpoint ,sc-200,10,801,"7,144",55.87%,698,390,429,2,336.2483333,25.18714107,57,4.5625,16,3.25%,,
,https://docs.microsoft.com/en-us/learn/modules/m365-compliance-information-classify-data/,learn-m365.m365-compliance-information-classify-data,Classify data for protection and governance ,sc-400,7,583,"3,712",56.06%,503,282,290,3,219.2791667,22.56732419,57,4.625,8,2.23%,,
,https://docs.microsoft.com/en-us/learn/modules/control-and-organize-with-azure-resource-manager/,learn.control-and-organize-with-resource-manager,Control and organize Azure resources with Azure Resource Manager ,az-500,8,"8,505","56,026",56.13%,"6,325","3,550","3,743",19,2280.560278,16.08860866,46,4.80608365,263,2.11%,,
,https://docs.microsoft.com/en-us/learn/modules/msgraph-access-group-data/,learn-m365.msgraph-access-group-data,Manage Group Lifecycle with Microsoft Graph ,ms-600,8,187,"1,204",56.25%,144,81,92,,36.08583333,11.57834225,77,5,5,2.40%,,
,https://docs.microsoft.com/en-us/learn/modules/manage-synchronized-identities/,learn.wwl.manage-synchronized-identities,Manage synchronized identities ,ms-100,7,64,277,56.41%,39,22,22,,7.597222222,7.122395833,31,5,1,0.53%,,
,https://docs.microsoft.com/en-us/learn/modules/build-cloud-governance-strategy-azure/,learn.azure.build-cloud-governance-strategy-azure,Build a cloud governance strategy on Azure ,az-500,12,"28,125","313,383",56.84%,"24,955","14,185","14,761",57,15325.38889,32.69416296,48,4.718421053,760,1.80%,,
,https://docs.microsoft.com/en-us/learn/modules/explore-microsoft-teams/,learn.wwl.explore-microsoft-teams,Explore Microsoft Teams as a Microsoft 365 Enterprise Administrator ,ms-100,10,201,"1,279",56.84%,95,54,54,1,49.35305556,14.73225539,42,4.875,8,0.91%,,
,https://docs.microsoft.com/en-us/learn/modules/m365-compliance-information-govern-information/,learn-m365.m365-compliance-information-govern-information,Govern information in Microsoft 365 ,sc-400,8,381,"2,859",57.14%,336,192,198,1,162.2969444,25.55857393,59,4.75,4,1.93%,,
,https://docs.microsoft.com/en-us/learn/modules/implement-sensitivity-labels/,learn.wwl.implement-sensitivity-labels,Implement sensitivity labels ,ms-101,8,30,180,57.14%,21,12,12,,2.739722222,5.479444444,39,5,1,2.27%,,
,https://docs.microsoft.com/en-us/learn/modules/plan-for-mobile-application-management/,learn.wwl.plan-for-mobile-application-management,Plan for application management ,ms-101,7,34,181,57.14%,21,12,14,,3.71,6.547058824,37,5,1,3.95%,,
,https://docs.microsoft.com/en-us/learn/modules/analyze-results-kusto-query-language/,learn.wwl.analyze-results-kql,Analyze query results using KQL ,sc-200,7,558,"3,860",57.21%,430,246,251,,116.0766667,12.48136201,30,4.75,12,3.50%,,
,https://docs.microsoft.com/en-us/learn/modules/plan-implement-privileged-access/,learn.wwl.plan-implement-privileged-access,Plan and implement privileged access ,sc-300,10,409,"3,253",57.28%,316,181,195,,128.92,18.91246944,59,5,10,2.75%,,
,https://docs.microsoft.com/en-us/learn/modules/implement-microsoft-defender-for-identity/,learn.wwl.implement-microsoft-defender-for-identity,Implement Microsoft Defender for Identity ,ms-101,6,75,354,57.50%,40,23,24,,19.31972222,15.45577778,31,5,1,0.60%,,
,https://docs.microsoft.com/en-us/learn/modules/manage-user-authentication/,learn.wwl.manage-user-authentication,Manage user authentication ,sc-300,8,672,"4,612",57.54%,537,309,348,1,285.8522222,25.52251984,48,4.923076923,13,2.00%,,
,https://docs.microsoft.com/en-us/learn/modules/microsoft-cloud-app-security/,learn-m365.cloud-app-security,Secure your cloud apps and services with Microsoft Cloud App Security ,sc-200,9,"1,083","7,423",57.88%,793,459,494,2,275.9441667,15.28776547,69,4.647058824,17,1.04%,,
,https://docs.microsoft.com/en-us/learn/modules/create-custom-dlp-policy/,learn.wwl.create-custom-dlp-policy,Create a custom DLP policy ,ms-101,8,37,188,57.89%,19,11,10,,1.878333333,3.045945946,27,4,2,4.44%,,
,https://docs.microsoft.com/en-us/learn/modules/m365-messaging-troubleshoot-mail-flow/,learn-m365.m365-messaging-troubleshoot-mail-flow,Troubleshoot mail flow with Exchange Online ,ms-203,7,597,"3,775",57.93%,416,241,223,1,99.2625,9.976130653,19,4.785714286,14,1.60%,,
,https://docs.microsoft.com/en-us/learn/modules/identity-permissions-consent/,learn-m365.identity-permissions-consent,Permissions and Consent Framework ,ms-600,8,254,"1,572",58.05%,174,101,106,,75.38555556,17.80761155,66,4,3,2.65%,,
,https://docs.microsoft.com/en-us/learn/modules/hunt-threats-sentinel/,learn.azure.hunt-threats-sentinel,Threat hunting with Azure Sentinel ,sc-200,7,556,"3,345",58.24%,431,251,257,,116.1441667,12.53354317,65,4.888888889,9,2.15%,,
,https://docs.microsoft.com/en-us/learn/modules/apply-manage-sensitivity-labels/,learn.wwl.apply-manage-sensitivity-labels,Apply and manage sensitivity labels ,sc-400,8,298,"2,083",58.47%,236,138,150,,78.34361111,15.77388143,54,5,9,0.78%,,
,,,,,,,,58.56%,,,,,,,,,,,,
,https://docs.microsoft.com/en-us/learn/modules/manage-windows-10-through-co-management-by-using-system-center-configuration-manager/,learn-m365-pr.manage-windows-10-through-co-management-by-using-system-center-configuration-manager,Manage Windows 10 through co-management by using System Center Configuration Manager ,md-101,5,"1,159","6,040",58.78%,854,502,536,2,244.2472222,12.64437734,31,4.555555556,18,2.63%,,
,https://docs.microsoft.com/en-us/learn/modules/deploy-windows-update-microsoft-365/,learn-wwl.deploy-windows-update-in-microsoft-365,Deploy Windows Update in Microsoft 365 ,md-101,6,849,"4,629",58.79%,711,418,448,,135.2691667,9.559658422,32,4.741935484,31,3.85%,,
,https://docs.microsoft.com/en-us/learn/modules/explore-data-loss-prevention-microsoft-365/,learn.wwl.explore-data-loss-prevention-microsoft-365,Explore Data Loss Prevention in Microsoft 365 ,ms-101,9,85,423,58.97%,39,23,21,,18.92305556,13.35745098,45,5,3,1.77%,,
,https://docs.microsoft.com/en-us/learn/modules/explore-power-platform/,learn.wwl.explore-power-platform,Explore Microsoft Power Platform as a Microsoft 365 Enterprise Administrator ,ms-100,7,157,677,59.21%,76,45,48,,19.93527778,7.618577495,25,4,1,1.91%,,
,https://docs.microsoft.com/en-us/learn/modules/m365-security-management-secure-score/,learn-m365.m365-security-management-secure-score,Use reporting in the Microsoft 365 Defender portal ,ms-500,3,861,"3,331",59.34%,792,470,461,1,111.0663889,7.739818041,12,4.785714286,14,4.55%,,
,https://docs.microsoft.com/en-us/learn/modules/automate-windows-deployments-by-using-windows-autopilot/,learn-m365-pr.automate-windows-deployments-by-using-windows-autopilot,Automate Windows deployments by using Windows Autopilot ,md-101,4,"1,208","6,014",59.35%,984,584,612,3,258.8852778,12.85854029,30,4.739130435,23,1.64%,,
,https://docs.microsoft.com/en-us/learn/modules/create-security-baselines/,learn.azure-security.create-security-baselines,Create security baselines ,az-500,11,"2,553","22,119",59.41%,"2,136","1,269","1,329",5,1064.76,25.02373678,60,4.662650602,83,2.54%,,
,https://docs.microsoft.com/en-us/learn/modules/connect-data-to-azure-sentinel-with-data-connectors/,learn.wwl.connect-data-to-azure-sentinel-with-data-connectors,Connect data to Azure Sentinel using data connectors ,sc-200,6,367,"2,104",59.49%,311,185,190,1,64.6925,10.57643052,22,4.75,4,2.64%,,
,https://docs.microsoft.com/en-us/learn/modules/manage-access-for-external-users/,learn.wwl.manage-access-for-external-users,Manage access for external users ,ms-700,11,80,"1,204",59.72%,72,43,45,2,9.853611111,7.390208333,41,5,1,2.96%,,
,https://docs.microsoft.com/en-us/learn/modules/create-manage-teams/,learn.wwl.create-manage-teams,Create and manage teams ,ms-700,10,66,518,60.00%,55,33,33,3,5.797777778,5.270707071,52,5,1,3.81%,,
,https://docs.microsoft.com/en-us/learn/modules/explore-sensitivity-labels/,learn.wwl.explore-sensitivity-labels,Explore sensitivity labels ,ms-101,7,37,236,60.00%,25,15,16,1,11.31388889,18.34684685,34,5,2,7.89%,,
,https://docs.microsoft.com/en-us/learn/modules/create-manage-sensitive-information-types/,learn.wwl.create-manage-sensitive-information-types,Create and manage sensitive information types ,sc-400,8,342,"2,562",60.14%,286,172,185,,99.39194444,17.43718324,41,4.875,8,2.40%,,
,https://docs.microsoft.com/en-us/learn/modules/m365-messaging-manage-mobile-devices/,learn-m365.m365-messaging-manage-mobile-devices,Manage mobile devices in Microsoft 365 and Exchange Online ,ms-203,6,372,"2,095",60.14%,276,166,178,,104.4080556,16.84000896,31,4.625,8,1.61%,,
,https://docs.microsoft.com/en-us/learn/modules/secure-and-isolate-with-nsg-and-service-endpoints/,learn.secure-and-isolate-with-nsg-and-service-endpoints,Secure and isolate access to Azure resources by using network security groups and service endpoints ,az-500,6,"4,838","30,287",60.46%,"4,024","2,433","2,508",3,1822.356944,22.60054086,43,4.666666667,144,1.37%,,
,https://docs.microsoft.com/en-us/learn/modules/query-data-sentinel/,azure.query-data-sentinel,"Query, visualize, and monitor data in Azure Sentinel ",sc-200,8,435,"3,128",60.68%,351,213,224,,134.2772222,18.52099617,48,4.833333333,6,2.44%,,
,https://docs.microsoft.com/en-us/learn/modules/manage-data-loss-prevention-polices/,learn.wwl.manage-data-loss-prevention-polices,Manage data loss prevention policies and reports in Microsoft 365 ,sc-400,9,216,"1,760",60.82%,171,104,110,,84.63583333,23.5099537,48,4.833333333,6,1.50%,,
,https://docs.microsoft.com/en-us/learn/modules/deploy-microsoft-365-apps-for-enterprise/,learn.wwl.deploy-microsoft-365-apps-for-enterprise,Deploy Microsoft 365 Apps for enterprise ,ms-100,11,79,512,60.87%,46,28,31,,12.50555556,9.497890295,46,5,1,0.81%,,
,https://docs.microsoft.com/en-us/learn/modules/manage-devices-by-using-microsoft-intune/,learn-m365-pr.manage-devices-by-using-microsoft-intune,Manage devices by using Microsoft Intune ,md-101,3,"1,410","4,885",60.90%,"1,005",612,631,,284.6630556,12.11332151,15,4.818181818,22,2.74%,,
,https://docs.microsoft.com/en-us/learn/modules/explore-basic-services-identity-types/,learn.wwl.explore-basic-services-identity-types-of-azure-active-directory-azure-ad,Explore the services and identity types of Azure AD ,sc-900,8,"3,018","26,641",61.46%,"2,898","1,781","1,746",7,1293.003889,25.70584272,21,4.906542056,107,3.64%,,
,https://docs.microsoft.com/en-us/learn/modules/plan-your-premises-infrastructure-for-microsoft-365/,learn.wwl.plan-your-premises-infrastructure-for-microsoft-365,Plan your on-premises infrastructure for Microsoft 365 ,ms-100,11,80,652,61.54%,52,32,28,,28.12694444,21.09520833,55,5,4,1.91%,,
,https://docs.microsoft.com/en-us/learn/modules/implement-monitor-integration-of-enterprise-apps-for-sso/,learn.wwl.implement-monitor-integration-of-enterprise-apps-for-sso,Implement and monitor the integration of enterprise apps for SSO ,sc-300,9,428,"3,675",61.60%,362,223,241,1,176.7969444,24.78461838,38,5,12,1.40%,,
,https://docs.microsoft.com/en-us/learn/modules/understand-azure-defender-cloud-workload-protection/,learn.wwl.understand-azure-defender-cloud-workload-protection,Explain cloud workload protections in Azure Defender ,sc-200,13,357,"3,663",61.64%,292,180,193,,147.4572222,24.78272642,57,4,5,2.61%,,
,https://docs.microsoft.com/en-us/learn/modules/m365-messaging-manage-compliance/,learn-m365.m365-messaging-manage-compliance,Manage compliance in Microsoft 365 and Exchange Online ,ms-203,7,322,"2,011",61.64%,232,143,147,,88.21611111,16.43778468,44,4.714285714,14,1.66%,,
,https://docs.microsoft.com/en-us/learn/modules/m365-messaging-manage-hygiene/,learn-m365.m365-messaging-manage-hygiene,Manage message hygiene using Exchange Online and Microsoft Defender for Endpoint ,ms-203,8,343,"2,603",61.94%,247,153,152,1,81.30638889,14.22269193,23,4.4,10,1.03%,,
,https://docs.microsoft.com/en-us/learn/modules/m365-modern-device-app/,learn-m365.modern-device-app,Analyze your device and app readiness for Windows 10 ,md-100,5,"1,916","10,514",61.98%,"1,557",965,997,10,363.5855556,11.38576896,18,4.806451613,62,4.00%,,
,https://docs.microsoft.com/en-us/learn/modules/what-is-threat-hunting-azure-sentinel/,learn.wwl.what-is-threat-hunting-azure-sentinel,Explain threat hunting concepts in Azure Sentinel ,sc-200,5,314,"1,542",62.11%,285,177,181,,47.41805556,9.060774947,20,5,6,1.27%,,
,https://docs.microsoft.com/en-us/learn/modules/incident-management-sentinel/,learn.azure.incident-management-sentinel,Security incident management in Azure Sentinel ,sc-200,7,528,"3,479",62.14%,420,261,262,,133.3255556,15.15063131,65,4.916666667,12,1.07%,,
,https://docs.microsoft.com/en-us/learn/modules/manage-devices-with-microsoft-endpoint-manager/,learn.manage-devices-with-microsoft-endpoint-manager,Understand device management using Microsoft Endpoint Manager ,md-101,9,"1,107","8,808",62.14%,906,563,620,2,362.345,19.63929539,27,4.844444444,45,3.25%,,
,https://docs.microsoft.com/en-us/learn/modules/manage-azure-active-directory-identity-protection/,learn.wwl.manage-azure-ad-identity-protection,Manage Azure AD Identity Protection ,sc-300,8,574,"4,201",62.31%,459,286,321,,142.1341667,14.85722997,45,4.909090909,22,2.22%,,
,https://docs.microsoft.com/en-us/learn/modules/explore-power-virtual-agents/,learn.wwl.explore-power-virtual-agents,Create chatbots as a Microsoft 365 Enterprise Administrator with Power Virtual Agents ,ms-100,6,84,332,62.50%,40,25,29,,10.07888889,7.199206349,29,,,2.56%,,
,https://docs.microsoft.com/en-us/learn/modules/plan-implement-manage-access-review/,learn.wwl.plan-implement-manage-access-review,"Plan, implement, and manage access review ",sc-300,9,402,"3,280",62.54%,339,212,225,,115.5591667,17.24763682,44,5,13,1.22%,,
,https://docs.microsoft.com/en-us/learn/modules/monitor-maintain-azure-active-directory/,learn.wwl.monitor-maintain-azure-active-directory,Monitor and maintain Azure Active Directory ,sc-300,9,429,"2,906",62.67%,300,188,205,,89.2,12.47552448,37,5,15,3.25%,,
,https://docs.microsoft.com/en-us/learn/modules/deploy-mobile-device-management/,learn.wwl.deploy-mobile-device-management,Deploy Mobile Device Management ,ms-101,8,61,398,62.79%,43,27,26,,11.36555556,11.17923497,35,5,2,3.33%,,
,https://docs.microsoft.com/en-us/learn/modules/plan-your-hybrid-requirements-for-your-microsoft-365-deployment/,learn.wwl.plan-your-hybrid-requirements-for-your-microsoft-365-deployment,Plan your hybrid requirements for your Microsoft 365 deployment ,ms-100,6,36,172,62.96%,27,17,17,,4.010555556,6.684259259,39,,,5.26%,,
,https://docs.microsoft.com/en-us/learn/modules/add-custom-domain-microsoft-365/,learn.wwl.add-custom-domain-microsoft-365,Add a custom domain in Microsoft 365 ,ms-100,7,57,311,63.16%,38,24,26,1,11.13055556,11.71637427,33,5,3,1.87%,,
,https://docs.microsoft.com/en-us/learn/modules/implement-office-telemetry/,learn.wwl.implement-office-telemetry,Implement Office Telemetry ,ms-100,7,44,266,63.33%,30,19,21,,8.071111111,11.00606061,27,5,1,2.61%,,
,https://docs.microsoft.com/en-us/learn/modules/describe-basic-security-capabilities-azure/,learn.wwl.describe-basic-security-capabilities-azure,Describe basic security capabilities in Azure ,sc-900,9,"2,282","21,231",63.69%,"2,151","1,370","1,355",4,948.14,24.92918493,21,4.931034483,58,3.60%,,
,https://docs.microsoft.com/en-us/learn/modules/m365-messaging-public-folders/,learn-m365.m365-messaging-public-folders,Manage public folders in hybrid and cloud enterprise environments ,ms-203,7,308,"2,198",63.89%,252,161,153,,124.3061111,24.21547619,28,4.5,14,2.78%,,
,https://docs.microsoft.com/en-us/learn/modules/secure-azure-resources-with-rbac/,learn.secure-azure-resources-with-rbac,Secure your Azure resources with Azure role-based access control (Azure RBAC) ,az-500,8,"6,030","50,726",64.16%,"5,296","3,398","3,619",14,1999.756944,19.89807905,37,4.726190476,168,2.77%,,
,https://docs.microsoft.com/en-us/learn/modules/remediate-azure-defender-security-alerts/,learn.wwl.remediate-azure-defender-security-alerts,Remediate security alerts using Azure Defender ,sc-200,8,306,"2,259",64.39%,264,170,179,,117.3388889,23.00762527,52,5,4,3.27%,,
,https://docs.microsoft.com/en-us/learn/modules/m365-threat-safeguard/,learn-m365.m365-threat-safeguard,Safeguard your environment with Microsoft Defender for Identity ,ms-500,5,"1,276","8,121",64.57%,"1,098",709,752,2,381.0055556,17.91562173,68,4.8,20,1.18%,,
,https://docs.microsoft.com/en-us/learn/modules/m365-threat-safeguard/,learn-m365.m365-threat-safeguard,Safeguard your environment with Microsoft Defender for Identity ,sc-200,5,"1,276","8,121",64.57%,"1,098",709,752,2,381.0055556,17.91562173,68,4.8,20,1.57%,,
,https://docs.microsoft.com/en-us/learn/modules/query-logs-azure-sentinel/,learn.wwl.query-logs-azure-sentinel,Query logs in Azure Sentinel ,sc-200,7,587,"4,032",64.92%,459,298,304,,72.63083333,7.423935264,18,4.888888889,9,1.74%,,
,https://docs.microsoft.com/en-us/learn/modules/troubleshoot-data-governance/,learn.wwl.troubleshoot-data-governance,Troubleshoot data governance ,ms-101,8,33,194,65.00%,20,13,13,,3.378055556,6.141919192,26,5,2,3.03%,,
,https://docs.microsoft.com/en-us/learn/modules/plan-deploy-microsoft-teams/,learn.wwl.plan-deploy-microsoft-teams,Plan and deploy Microsoft Teams ,ms-700,9,107,886,65.12%,86,56,60,5,20.85527778,11.69454829,45,5,2,4.00%,,
,https://docs.microsoft.com/en-us/learn/modules/connect-syslog-data-sources-to-azure-sentinel/,learn.wwl.connect-syslog-data-sources-to-azure-sentinel,Connect syslog data sources to Azure Sentinel ,sc-200,7,328,"2,176",65.15%,264,172,184,,80.21666667,14.67378049,28,5,3,2.20%,,
,https://docs.microsoft.com/en-us/learn/modules/m365-messaging-manage-client-access/,learn-m365.m365-messaging-manage-client-access,Plan and manage client access with Exchange Online ,ms-203,8,380,"3,146",65.17%,290,189,200,,100.5461111,15.87570175,23,4.625,8,3.02%,,
,https://docs.microsoft.com/en-us/learn/modules/connect-windows-hosts-to-azure-sentinel/,learn.wwl.connect-windows-hosts-to-azure-sentinel,Connect Windows hosts to Azure Sentinel ,sc-200,5,314,"1,733",65.53%,264,173,188,,41.27138889,7.886252654,20,5,2,0.81%,,
,https://docs.microsoft.com/en-us/learn/modules/manage-applications-by-using-microsoft-intune/,learn-wwl.manage-applications-by-using-microsoft-intune,Manage applications by using Microsoft Intune ,md-101,7,"1,035","6,413",65.55%,746,489,519,1,247.1172222,14.32563607,29,4.7,20,3.74%,,
,https://docs.microsoft.com/en-us/learn/modules/deploy-message-encryption-microsoft-365/,learn.wwl.deploy-message-encryption-microsoft-365,Deploy message encryption in Office 365 ,sc-400,6,313,"1,956",65.63%,256,168,179,,60.68416667,11.6327476,32,4.714285714,7,2.67%,,
,https://docs.microsoft.com/en-us/learn/modules/introduction-to-security-solutions-microsoft-365/,learn.wwl.introduction-to-security-solutions-microsoft-365,Explore security solutions in Microsoft 365 ,ms-101,8,79,419,65.85%,41,27,26,1,11.49222222,8.728270042,36,5,3,1.85%,,
,https://docs.microsoft.com/en-us/learn/modules/m365-security-management-center/,learn-m365.m365-security-management-center,Overview of security management in Microsoft 365 Defender ,ms-500,3,764,"3,127",65.85%,691,455,423,2,80.67888889,6.336038394,10,4.75,12,2.02%,,
,https://docs.microsoft.com/en-us/learn/modules/m365-messaging-manage-recipient-resources/,learn-m365.m365-messaging-manage-recipient-resources,Manage recipient resources in Exchange Online ,ms-203,6,314,"2,060",66.02%,259,171,179,1,110.2791667,21.07245223,38,4.333333333,6,2.82%,,
,https://docs.microsoft.com/en-us/learn/modules/incident-response-with-alerting-on-azure/,learn.incident-response-with-alerting-on-azure,Improve incident response with alerting on Azure ,az-500,9,"3,163","27,530",66.15%,"2,558","1,692","1,771",3,1167.901944,22.15432079,53,4.638554217,83,3.57%,,
,https://docs.microsoft.com/en-us/learn/modules/secure-aad-users-with-mfa/,learn.azure-security.secure-aad-users-with-mfa,Secure Azure Active Directory users with Multi-Factor Authentication ,az-500,6,"2,546","15,635",66.60%,"2,135","1,422","1,523",12,536.0533333,12.63283582,38,4.805970149,67,1.37%,,
,https://docs.microsoft.com/en-us/learn/modules/secure-aad-users-with-mfa/,learn.azure-security.secure-aad-users-with-mfa,Secure Azure Active Directory users with Multi-Factor Authentication ,sc-300,6,"2,546","15,635",66.60%,"2,135","1,422","1,523",12,536.0533333,12.63283582,38,4.805970149,67,2.63%,,
,https://docs.microsoft.com/en-us/learn/modules/conduct-audit-log-investigations/,learn.wwl.conduct-audit-log-investigations,Conduct audit log investigations ,ms-101,9,38,184,66.67%,15,10,10,,4.223333333,6.668421053,36,5,2,6.67%,,
,https://docs.microsoft.com/en-us/learn/modules/implement-policy-tips-for-dlp-policies/,learn.wwl.implement-policy-tips-for-dlp-policies,Implement policy tips for DLP policies ,ms-101,8,29,192,66.67%,18,12,11,,4.904444444,10.14712644,36,5,2,2.99%,,
,https://docs.microsoft.com/en-us/learn/modules/introduction-to-co-management-of-windows-10-devices/,learn.wwl.introduction-to-co-management-of-windows-10-devices,Explore Co-management of Windows 10 devices ,ms-101,7,50,259,66.67%,33,22,21,,9.483611111,11.38033333,31,5,2,1.16%,,
,https://docs.microsoft.com/en-us/learn/modules/prepare-your-windows-10-devices-for-co-management/,learn.wwl.prepare-your-windows-10-devices-for-co-management,Prepare your Windows 10 devices for Co-management ,ms-101,6,59,218,66.67%,27,18,17,,4.262222222,4.334463277,21,5,1,3.08%,,
,https://docs.microsoft.com/en-us/learn/modules/connect-non-azure-machines-to-azure-defender/,learn.wwl.connect-non-azure-machines-to-azure-defender,Connect non-Azure resources to Azure Defender ,sc-200,7,271,"1,921",66.80%,256,171,183,,69.61527778,15.41297663,44,4.666666667,3,1.23%,,
,https://docs.microsoft.com/en-us/learn/modules/resolve-threats-with-azure-security-center/,learn.azure-security.resolve-threats-with-azure-security-center,Resolve security threats with Azure Security Center ,az-500,7,"1,861","12,869",66.84%,"1,375",919,944,13,343.5608333,11.07665234,44,4.473684211,38,1.34%,,
,https://docs.microsoft.com/en-us/learn/modules/top-5-security-items-to-consider/,learn.top-5-security-items-to-consider,Top 5 security items to consider before pushing to production ,az-500,7,"3,399","23,427",66.85%,"2,736","1,829","1,934",13,1080.004444,19.06450917,45,4.75,148,2.44%,,
,https://docs.microsoft.com/en-us/learn/modules/perform-threat-hunting-sentinel-with-notebooks/,learn.wwl.perform-threat-hunting-sentinel-with-notebooks,Hunt for threats using notebooks in Azure Sentinel ,sc-200,7,270,"1,792",66.95%,233,156,166,,47.91944444,10.64876543,31,4.8,5,2.86%,,
,https://docs.microsoft.com/en-us/learn/modules/secure-network-connectivity-azure/,learn.azure.secure-network-connectivity-azure,Secure network connectivity on Azure (AZ-900) ,az-500,9,"23,043","225,441",67.19%,"20,751","13,942","14,659",99,9524.083333,24.7990713,34,4.776839566,829,2.80%,,
,https://docs.microsoft.com/en-us/learn/modules/describe-ediscovery-capabilities-of-microsoft-365/,learn.wwl.describe-ediscovery-capabilities-of-microsoft-365,Describe the eDiscovery and audit capabilities of Microsoft 365 ,sc-900,9,"1,824","16,394",67.60%,"1,537","1,039","1,049",2,494.7602778,16.27500914,33,4.947368421,38,3.85%,,
,https://docs.microsoft.com/en-us/learn/modules/leverage-fasttrack-partner-services-to-support-microsoft-365/,learn.wwl.leverage-fasttrack-partner-services-to-support-microsoft-365,Use FastTrack and Partner Services to support Microsoft 365 ,ms-100,6,43,230,67.74%,31,21,23,,6.623055556,9.241472868,18,5,3,2.58%,,
,https://docs.microsoft.com/en-us/learn/modules/implement-windows-10-security-enhancements-with-microsoft-defender-for-endpoint/,learn.wwl.implement-windows-10-security-enhancements-with-microsoft-defender-for-endpoint,Implement Windows 10 security enhancements with Microsoft Defender for Endpoint ,sc-200,5,862,"5,018",67.76%,732,496,514,3,210.6133333,14.65986079,31,4.631578947,19,3.16%,,
,https://docs.microsoft.com/en-us/learn/modules/m365-compliance-information-manage-records/,learn-m365.m365-compliance-information-manage-records,Manage records in Microsoft 365 ,sc-400,6,282,"1,768",67.84%,227,154,153,2,62.11555556,13.21607565,46,4.8,5,2.04%,,
,https://docs.microsoft.com/en-us/learn/modules/m365-user-files-settings/,learn-m365.user-files-settings,Migrate user files and settings in Microsoft 365 ,md-100,5,"1,081","6,668",68.46%,929,636,687,2,253.2663889,14.05733888,44,4.80952381,21,3.70%,,
,https://docs.microsoft.com/en-us/learn/modules/use-watchlists-azure-sentinel/,learn.wwl.use-watchlists-azure-sentinel,Use watchlists in Azure Sentinel ,sc-200,5,446,"2,457",68.56%,353,242,261,,50.18888889,6.75186846,18,4.666666667,9,1.58%,,
,https://docs.microsoft.com/en-us/learn/modules/manage-device-compliance/,learn.wwl.manage-device-compliance,Manage device compliance ,ms-101,7,50,310,68.57%,35,24,23,,6.692222222,8.030666667,27,5,2,2.08%,,
,https://docs.microsoft.com/en-us/learn/modules/describe-threat-protection-with-microsoft-365-defender/,learn.wwl.describe-threat-protection-with-microsoft-365-defender,Describe threat protection with Microsoft 365 Defender ,sc-900,8,"1,806","16,535",68.59%,"1,678","1,151","1,206",2,636.4166667,21.14341085,29,4.878787879,33,5.00%,,
,https://docs.microsoft.com/en-us/learn/modules/implement-workplace-analytics/,learn.wwl.implement-workplace-analytics,Implement Microsoft Viva Insights (Workplace Analytics) ,ms-100,7,83,478,68.63%,51,35,38,1,15.7825,11.40903614,32,,,2.17%,,
,https://docs.microsoft.com/en-us/learn/modules/describe-identity-principles-concepts/,learn.wwl.describe-identity-principles-concepts,Describe identity concepts ,sc-900,8,"3,699","33,605",68.84%,"3,331","2,293","2,342",4,1117.382222,18.12461026,19,4.907534247,292,1.46%,,
,https://docs.microsoft.com/en-us/learn/modules/audit-encryption/,learn-m365.audit-encryption,Understand Microsoft 365 encryption ,sc-400,6,387,"2,382",68.94%,322,222,229,,72.81305556,11.28884582,20,,,1.95%,,
,https://docs.microsoft.com/en-us/learn/modules/secure-your-azure-virtual-machine-disks/,learn.secure-your-azure-virtual-machine-disks,Secure your Azure virtual machine disks ,az-500,8,"1,917","14,413",69.06%,"1,632","1,127","1,210",4,368.8172222,11.54357503,61,4.739130435,46,1.93%,,
,https://docs.microsoft.com/en-us/learn/modules/m365-security-management-endpoints/,learn-m365.m365-security-management-endpoints,Secure Windows 10 endpoints ,ms-500,4,625,"2,881",69.06%,488,337,358,,103.4786111,9.933946667,12,4.5,10,2.56%,,
,https://docs.microsoft.com/en-us/learn/modules/m365-security-info-overview/,learn-m365.m365-security-info-overview,Information protection overview ,ms-500,3,741,"2,843",69.07%,653,451,402,,77.45666667,6.271794872,9,4.333333333,15,6.06%,,
,https://docs.microsoft.com/en-us/learn/modules/m365-office-lob-apps/,learn-m365.office-lob-apps,Deliver Microsoft 365 Apps and business apps ,md-100,6,"1,276","8,632",69.18%,"1,074",743,794,4,306.6738889,14.4204023,35,4.814814815,27,3.20%,,
,https://docs.microsoft.com/en-us/learn/modules/describe-identity-protection-governance-capabilities/,learn.wwl.describe-identity-protection-governance-capabilities-of-azure-ad,Describe the identity protection and governance capabilities of Azure AD ,sc-900,7,"2,092","17,877",69.27%,"1,962","1,359","1,401",,764.7097222,21.93240121,27,4.848484848,99,1.91%,,
,https://docs.microsoft.com/en-us/learn/modules/m365-modern-os-deployment/,learn-m365.modern-os-deployment,"Deploy, upgrade, and migrate to Windows 10 ",md-100,5,"1,129","6,025",69.38%,885,614,636,2,231.9855556,12.32872749,20,4.791666667,24,3.66%,,
,https://docs.microsoft.com/en-us/learn/modules/introduction-to-microsoft-defender-for-office-365/,learn.wwl.introduction-to-microsoft-defender-for-office-365,Examine Microsoft Defender for Office 365 ,ms-101,8,99,486,69.39%,49,34,33,,13.56361111,8.22037037,27,5,3,2.61%,,
,https://docs.microsoft.com/en-us/learn/modules/utilize-threat-intelligence-azure-sentinel/,learn.wwl.utilize-threat-intelligence-azure-sentinel,Utilize threat intelligence in Azure Sentinel ,sc-200,6,387,"2,620",69.41%,340,236,246,,58.80166667,9.116537468,18,4.9,10,1.91%,,
,https://docs.microsoft.com/en-us/learn/modules/manage-device-identity-ad-join/,learn.azure.manage-device-identity-ad-join,Manage device identity with Azure AD join and Enterprise State Roaming ,az-500,5,"2,618","13,826",69.57%,"1,962","1,365","1,490",10,803.8808333,18.42354851,25,4.796875,64,5.41%,,
,https://docs.microsoft.com/en-us/learn/modules/explore-reporting-microsoft-365-security-services/,learn.wwl.explore-reporting-microsoft-365-security-services,Explore reporting in the Microsoft 365 security services ,ms-101,12,66,431,69.70%,33,23,23,,8.448055556,7.680050505,37,5,3,0.64%,,
,https://docs.microsoft.com/en-us/learn/modules/describe-security-management-capabilities-of-azure/,learn.wwl.describe-security-management-capabilities-of-azure,Describe security management capabilities of Azure ,sc-900,9,"1,879","18,870",69.76%,"1,759","1,227","1,267",3,772.1305556,24.65557921,25,4.897959184,49,4.55%,,
,https://docs.microsoft.com/en-us/learn/modules/explore-authentication-capabilities/,learn.wwl.explore-authentication-capabilities-of-azure-ad,Explore the authentication capabilities of Azure AD ,sc-900,8,"2,465","21,568",69.97%,"2,221","1,554","1,603",4,797.0861111,19.40169033,25,4.9125,80,4.35%,,
,https://docs.microsoft.com/en-us/learn/modules/introduction-to-microsoft-store-for-business/,learn.wwl.introduction-to-microsoft-store-for-business,Examine the Microsoft Store for Business ,ms-101,7,39,169,70.00%,20,14,15,,3.356111111,5.163247863,30,,,6.90%,,
,https://docs.microsoft.com/en-us/learn/modules/m365-compliance-insider-prepare-communication-compliance/,learn-m365.m365-compliance-insider-prepare-communication-compliance,Prepare communication compliance in Microsoft 365 ,ms-500,7,486,"2,708",70.19%,322,226,244,1,124.4122222,15.35953361,76,4.833333333,6,2.25%,,
,https://docs.microsoft.com/en-us/learn/modules/troubleshoot-azure-network-infrastructure/,learn.troubleshoot-azure-network-infrastructure,Monitor and troubleshoot your end-to-end Azure network infrastructure by using network monitoring tools ,az-500,6,"2,739","16,679",70.22%,"2,099","1,474","1,536",9,737.7319444,16.16061215,62,4.463414634,82,2.31%,,
,https://docs.microsoft.com/en-us/learn/modules/analyze-infrastructure-with-azure-monitor-logs/,learn.analyze-infrastructure-with-azure-monitor-logs,Analyze your Azure infrastructure by using Azure Monitor logs ,az-500,5,"3,681","19,587",70.26%,"2,932","2,060","2,125",7,733.7158333,11.95950829,36,4.722772277,101,1.32%,,
,https://docs.microsoft.com/en-us/learn/modules/describe-information-protection-governance-capabilities-microsoft-365/,learn.wwl.describe-information-protection-governance-capabilities-microsoft-365,Describe information protection and governance capabilities of Microsoft 365 ,sc-900,9,"1,702","15,850",70.57%,"1,522","1,074","1,127",1,639.4675,22.54292009,35,4.868421053,38,1.55%,,
,https://docs.microsoft.com/en-us/learn/modules/mitigate-incidents-microsoft-365-defender/,learn.wwl.mitigate-incidents-microsoft-365-defender,Mitigate incidents using Microsoft 365 Defender ,sc-200,7,602,"4,179",70.60%,534,377,394,3,135.8530556,13.54017165,40,4.727272727,11,0.34%,,
,https://docs.microsoft.com/en-us/learn/modules/manage-safe-attachments/,learn.wwl.manage-safe-attachments,Manage Safe Attachments ,ms-101,8,58,366,71.05%,38,27,26,,10.98638889,11.36522989,30,5,1,1.23%,,
,https://docs.microsoft.com/en-us/learn/modules/manage-safe-links/,learn.wwl.manage-safe-links,Manage Safe Links ,ms-101,8,50,330,71.05%,38,27,26,,9.7425,11.691,30,5,2,2.24%,,
,https://docs.microsoft.com/en-us/learn/modules/introduction-to-microsoft-secure-score/,learn.wwl.introduction-to-microsoft-secure-score,Examine Microsoft Secure Score ,ms-101,7,55,351,71.05%,38,27,25,,6.708888889,7.318787879,24,4.666666667,3,2.37%,,
,https://docs.microsoft.com/en-us/learn/modules/m365-messaging-manage-mail-flow/,learn-m365.m365-messaging-manage-mail-flow,Manage mail flow in Microsoft 365 messaging ,ms-203,5,307,"1,708",71.06%,235,167,168,,60.4325,11.81091205,24,4.666666667,9,3.59%,,
,https://docs.microsoft.com/en-us/learn/modules/app-management-using-microsoft-endpoint-manager/,learn.app-management-using-microsoft-endpoint-manager,Understand app management using Microsoft Endpoint Manager ,md-101,8,782,"5,941",71.25%,633,451,505,3,230.5883333,17.69219949,36,4.875,32,2.34%,,
,https://docs.microsoft.com/en-us/learn/modules/m365-compliance-information-protect-information/,learn-m365.m365-compliance-information-protect-information,Protect information in Microsoft 365 ,sc-400,6,354,"2,165",71.33%,293,209,217,4,98.48416667,16.69223164,39,4.714285714,7,2.44%,,
,https://docs.microsoft.com/en-us/learn/modules/protect-endpoints-with-endpoint-manager/,learn.protect-endpoints-with-endpoint-manager,Protect your endpoint environment with Microsoft Endpoint Manager ,md-101,8,"1,216","9,121",71.44%,998,713,775,3,345.0402778,17.02501371,19,4.733333333,60,0.82%,,
,https://docs.microsoft.com/en-us/learn/modules/describe-security-capabilities-of-azure-sentinel/,learn.wwl.describe-security-capabilities-of-azure-sentinel,Describe security capabilities of Azure Sentinel ,sc-900,6,"1,861","13,196",71.47%,"1,721","1,230","1,275",2,438.0366667,14.12262225,21,4.913043478,46,1.94%,,
,https://docs.microsoft.com/en-us/learn/modules/m365-security-data-loss/,learn-m365.m365-security-data-loss,Prevent data loss ,ms-500,4,908,"4,693",71.47%,757,541,548,2,164.2738889,10.85510279,12,4.772727273,22,2.55%,,
,https://docs.microsoft.com/en-us/learn/modules/m365-security-data-loss/,learn-m365.m365-security-data-loss,Prevent data loss ,sc-400,4,908,"4,693",71.47%,757,541,548,2,164.2738889,10.85510279,12,4.772727273,22,2.42%,,
,https://docs.microsoft.com/en-us/learn/modules/connect-azure-assets-to-azure-defender/,learn.wwl.connect-azure-assets-to-azure-defender,Connect Azure assets to Azure Defender ,sc-200,6,280,"1,807",71.84%,245,176,184,,70.42416667,15.09089286,35,5,3,3.05%,,
,https://docs.microsoft.com/en-us/learn/modules/plan-your-supporting-infrastructure-for-microsoft-36/,learn.wwl.plan-your-supporting-infrastructure-for-microsoft-365,Plan your supporting infrastructure for Microsoft 365 ,ms-100,7,37,218,72.00%,25,18,18,,5.920277778,9.60045045,35,5,1,1.98%,,
,https://docs.microsoft.com/en-us/learn/modules/configure-manage-microsoft-teams-devices/,learn.wwl.configure-manage-microsoft-teams-devices,Configure and manage Microsoft Teams devices ,ms-700,11,49,540,72.09%,43,31,32,7,4.543055556,5.56292517,56,5,2,3.33%,,
,https://docs.microsoft.com/en-us/learn/modules/perform-device-investigations-microsoft-defender-for-endpoints/,learn.wwl.perform-device-investigations-microsoft-defender-for-endpoints,Perform device investigations in Microsoft Defender for Endpoint ,sc-200,6,592,"3,912",72.09%,516,372,396,1,170.1930556,17.24929617,32,4.909090909,11,3.23%,,
,https://docs.microsoft.com/en-us/learn/modules/explore-solutions-for-external-access/,learn.wwl.explore-solutions-for-external-access,Explore solutions for external access ,ms-100,8,37,186,72.22%,18,13,14,2,3.575,5.797297297,40,,,4.08%,,
,https://docs.microsoft.com/en-us/learn/modules/describe-compliance-management-capabilities-microsoft/,learn.wwl.describe-compliance-management-capabilities-microsoft,Describe the compliance management capabilities in Microsoft ,sc-900,9,"4,829","45,851",72.26%,"4,344","3,139","3,100",13,1341.05,16.662456,30,4.779661017,118,4.35%,,
,https://docs.microsoft.com/en-us/learn/modules/manage-subscription-access-azure-rbac/,learn.azure.manage-subscription-access-azure-rbac,Manage access to an Azure subscription by using Azure role-based access control (Azure RBAC) ,az-500,5,"2,757","17,509",72.28%,"2,240","1,619","1,689",21,501.8052778,10.92068069,21,4.847222222,72,2.42%,,
,https://docs.microsoft.com/en-us/learn/modules/use-threat-vulnerability-management-microsoft-defender-for-endpoint/,learn.wwl.use-threat-vulnerability-management-microsoft-defender-for-endpoint,Utilize Threat and Vulnerability Management in Microsoft Defender for Endpoint ,sc-200,6,468,"3,115",72.55%,408,296,319,,74.51805556,9.553596866,30,4.888888889,18,1.27%,,
,https://docs.microsoft.com/en-us/learn/modules/configure-client-connectivity-to-microsoft-365/,learn.wwl.configure-client-aconnectivity-to-microsoft-365,Configure client connectivity to Microsoft 365 ,ms-100,8,45,295,72.73%,33,24,21,,6.7475,8.996666667,28,5,2,0.63%,,
,https://docs.microsoft.com/en-us/learn/modules/describe-security-management-capabilities-of-microsoft-365/,learn.wwl.describe-security-management-capabilities-of-microsoft-365,Describe security management capabilities of Microsoft 365 ,sc-900,7,"1,635","13,335",73.14%,"1,508","1,103","1,147",2,401.8308333,14.74608563,21,4.947368421,38,3.98%,,
,https://docs.microsoft.com/en-us/learn/modules/describe-insider-risk-capabilities-microsoft-365/,learn.wwl.describe-insider-risk-capabilities-microsoft-365,Describe insider risk capabilities in Microsoft 365 ,sc-900,8,"1,470","12,691",73.21%,"1,370","1,003","1,051",4,395.8461111,16.15698413,34,4.852941176,34,0.85%,,
,https://docs.microsoft.com/en-us/learn/modules/m365-directory-network-readiness/,learn-m365.directory-network-readiness,Analyze your directory and network readiness for Microsoft 365 ,md-100,4,"1,292","7,115",73.47%,"1,131",831,879,5,240.6588889,11.17610939,23,4.860465116,43,2.04%,,
,https://docs.microsoft.com/en-us/learn/modules/implement-lifecycle-management-governance-for-microsoft-teams/,learn.wwl.implement-lifecycle-management-governance-for-microsoft-teams,Implement lifecycle management and governance for Microsoft Teams ,ms-700,12,81,818,73.77%,61,45,48,5,15.30444444,11.33662551,67,5,1,0.00%,,
,https://docs.microsoft.com/en-us/learn/modules/perform-evidence-entities-investigations-microsoft-defender-for-endpoint/,learn.wwl.perform-evidence-entities-investigations-microsoft-defender-for-endpoint,Perform evidence and entities investigations using Microsoft Defender for Endpoint ,sc-200,7,492,"3,629",73.83%,447,330,355,1,139.8158333,17.05071138,36,5,6,4.93%,,
,https://docs.microsoft.com/en-us/learn/modules/allow-users-reset-their-password/,learn.azure.allow-users-to-reset-their-password,Allow users to reset their password with Azure Active Directory self-service password reset ,az-500,6,"3,599","23,942",73.83%,"3,137","2,316","2,447",11,860.5405556,14.34632768,31,4.834782609,115,2.08%,,
,https://docs.microsoft.com/en-us/learn/modules/m365-compliance-insider-implement-privileged-access-management/,learn-m365.m365-compliance-insider-implement-privileged-access-management,Implement privileged access management ,ms-500,3,307,"1,164",73.98%,246,182,194,,57.70138889,11.27714441,39,4.833333333,6,0.75%,,
,https://docs.microsoft.com/en-us/learn/modules/plan-configure-network-settings-for-microsoft-teams/,learn.wwl.plan-configure-network-settings-for-microsoft-teams,Plan and configure network settings for Microsoft Teams ,ms-700,10,57,606,74.00%,50,37,39,,6.053611111,6.372222222,55,,,1.57%,,
,https://docs.microsoft.com/en-us/learn/modules/m365-messaging-configure-transport-architecture/,learn-m365.m365-messaging-configure-transport-architecture,Deliver mail to mailboxes outside Microsoft 365 by using connectors ,ms-203,5,342,"1,904",74.24%,264,196,205,,102.2230556,17.9338694,30,4.6,5,1.57%,,
,https://docs.microsoft.com/en-us/learn/modules/configure-settings-for-alerts-detections-microsoft-defender-for-endpoint/,learn.wwl.configure-settings-for-alerts-detections-microsoft-defender-for-endpoint,Configure for alerts and detections in Microsoft Defender for Endpoint ,sc-200,8,456,"3,737",74.28%,416,309,330,3,90.40611111,11.89554094,36,4.5,6,2.93%,,
,https://docs.microsoft.com/en-us/learn/modules/troubleshoot-audio-video-client-issues/,learn.wwl.troubleshoot-audio-video-client-issues,"Troubleshoot audio, video, and client issues ",ms-700,10,53,431,74.36%,39,29,30,5,4.178611111,4.730503145,54,5,2,1.92%,,
,https://docs.microsoft.com/en-us/learn/modules/connect-common-event-format-logs-to-azure-sentinel/,learn.wwl.connect-common-event-format-cef-logs-to-azure-sentinel,Connect Common Event Format logs to Azure Sentinel ,sc-200,5,248,"1,514",74.66%,221,165,178,,39.01444444,9.438978495,20,5,2,1.97%,,
,https://docs.microsoft.com/en-us/learn/modules/describe-resource-governance-capabilities-azure/,learn.wwl.describe-resource-governance-capabilities-azure,Describe resource governance capabilities in Azure ,sc-900,6,"1,389","9,716",74.77%,"1,296",969,"1,022",1,196.0747222,8.46975042,15,4.897959184,49,1.64%,,
,https://docs.microsoft.com/en-us/learn/modules/benefits-microsoft-endpoint-manager/,learn.benefits-microsoft-endpoint-manager,Benefits of Microsoft Endpoint Manager ,md-101,9,529,"4,640",74.89%,446,334,378,,122.5658333,13.90160681,23,4.702702703,37,1.01%,,
,https://docs.microsoft.com/en-us/learn/modules/configure-manage-automation-microsoft-defender-for-endpoint/,learn.wwl.configure-manage-automation-microsoft-defender-for-endpoint,Configure and manage automation using Microsoft Defender for Endpoint ,sc-200,7,479,"3,422",75.00%,416,312,343,1,102.4530556,12.83336813,34,4.5,8,3.36%,,
,https://docs.microsoft.com/en-us/learn/modules/create-information-barriers-microsoft-365/,learn.wwl.create-information-barriers-microsoft-365,Create information barriers in Microsoft 365 ,ms-101,8,28,183,75.00%,20,15,13,,4.864444444,10.42380952,33,5,2,6.98%,,
,https://docs.microsoft.com/en-us/learn/modules/implement-windows-information-protection/,learn.wwl.implement-windows-information-protection,Implement Windows Information Protection ,ms-101,6,29,129,75.00%,16,12,13,,2.36,4.882758621,32,5,2,1.96%,,
,https://docs.microsoft.com/en-us/learn/modules/protect-identities-with-aad-idp/,learn.protect-identities-with-aad-idp,Protect your identities with Azure AD Identity Protection ,sc-200,5,"1,409","6,957",75.30%,992,747,796,5,204.9377778,8.726945824,34,4.615384615,26,0.66%,,
,https://docs.microsoft.com/en-us/learn/modules/perform-actions-device-microsoft-defender-for-endpoint/,learn.wwl.perform-actions-device-microsoft-defender-for-endpoint,Perform actions on a device using Microsoft Defender for Endpoint ,sc-200,7,532,"3,692",75.38%,459,346,370,,120.3258333,13.57058271,35,5,6,1.83%,,
,https://docs.microsoft.com/en-us/learn/modules/m365-compliance-insider-manage-customer-lockbox/,learn-m365.m365-compliance-insider-manage-customer-lockbox,Manage Customer Lockbox ,ms-500,3,341,"1,222",75.50%,249,188,196,,29.92388889,5.265200391,25,4.846153846,13,0.00%,,
,https://docs.microsoft.com/en-us/learn/modules/manage-tenant-health-services-microsoft-365/,learn.wwl.manage-tenant-health-services-microsoft-365,Manage tenant health and services in Microsoft 365 ,ms-100,6,70,325,75.68%,37,28,30,,12.40472222,10.63261905,26,4.5,2,2.13%,,
,https://docs.microsoft.com/en-us/learn/modules/m365-security-sensitivity-labels/,learn-m365.m365-security-sensitivity-labels,Protect your data with sensitivity labels ,ms-500,5,601,"3,842",75.75%,536,406,423,3,87.45361111,8.730809762,15,4.923076923,13,3.80%,,
,https://docs.microsoft.com/en-us/learn/modules/policy-security-management-using-microsoft-endpoint-manager/,learn.policy-security-management-using-microsoft-endpoint-manager,Understand Conditional Access policies using Microsoft Endpoint Manager ,md-101,8,640,"5,157",75.82%,546,414,455,3,235.4944444,22.07760417,21,4.846153846,26,4.73%,,
,https://docs.microsoft.com/en-us/learn/modules/transition-from-skype-for-business-to-microsoft-teams/,learn.wwl.transition-from-skype-for-business-to-microsoft-teams,Transition from Skype for Business to Microsoft Teams ,ms-700,7,56,436,76.09%,46,35,38,2,3.241944444,3.473511905,38,5,1,5.71%,,
,https://docs.microsoft.com/en-us/learn/modules/describe-endpoint-security-with-microsoft-intune/,learn.wwl.describe-endpoint-security-with-microsoft-intune,Describe endpoint security with Microsoft Intune ,sc-900,5,"1,784","10,780",76.15%,"1,572","1,197","1,235",4,379.1911111,12.75306428,19,4.9,60,2.26%,,
,https://docs.microsoft.com/en-us/learn/modules/explore-access-management-capabilities/,learn.wwl.explore-access-management-capabilities-of-azure-ad,Explore the access management capabilities of Azure AD ,sc-900,5,"2,064","13,394",76.99%,"1,938","1,492","1,524",3,426.3422222,12.39366925,15,4.940298507,67,2.13%,,
,https://docs.microsoft.com/en-us/learn/modules/identify-threats-with-azure-security-center/,learn.azure-security.identify-threats-with-azure-security-center,Identify security threats with Azure Security Center ,az-500,7,797,"5,787",77.06%,693,534,566,4,169.2258333,12.73971142,43,4.666666667,18,1.55%,,
,https://docs.microsoft.com/en-us/learn/modules/use-entity-behavior-analytics-azure-sentinel/,learn.wwl.use-entity-behavior-analytics-azure-sentinel,Use entity behavior analytics in Azure Sentinel ,sc-200,6,274,"1,664",77.49%,231,179,191,,49.31194444,10.79823601,27,4.857142857,7,1.50%,,
,https://docs.microsoft.com/en-us/learn/modules/create-custom-azure-roles-with-rbac/,learn.azure.create-custom-roles-rbac,Create custom roles for Azure resources with Azure role-based access control (Azure RBAC) ,az-500,6,"2,145","14,690",77.69%,"1,865","1,449","1,519",12,420.6497222,11.7664258,30,4.766233766,77,5.26%,,
,https://docs.microsoft.com/en-us/learn/modules/m365-modern-usercomm-training/,learn-m365.modern-usercomm-training,Train users on the new Windows and Microsoft 365 Apps features ,md-100,5,833,"4,427",77.69%,668,519,559,,109.1647222,7.863005202,21,4.775510204,49,1.63%,,
,https://docs.microsoft.com/en-us/learn/modules/respond-to-data-loss-prevention-alerts-microsoft-365/,learn.wwl.respond-to-data-loss-prevention-alerts-microsoft-365,Respond to data loss prevention alerts using Microsoft 365 ,sc-200,6,466,"2,907",77.75%,391,304,329,,88.97944444,11.45658083,28,4.444444444,9,1.05%,,
,https://docs.microsoft.com/en-us/learn/modules/m365-security-monitor-sensitive-data/,learn-m365.m365-security-monitor-sensitive-data,Monitor and analyze sensitive data ,ms-500,3,514,"2,159",78.01%,432,337,350,1,73.39666667,8.56770428,10,4.9,10,3.53%,,
,https://docs.microsoft.com/en-us/learn/modules/end-to-end-encryption-with-app-gateway/,learn.end-to-end-encryption-with-app-gateway,Encrypt network traffic end to end with Azure Application Gateway ,az-500,7,"1,520","11,459",78.07%,"1,204",940,"1,005",3,307.1622222,12.12482456,77,4.787878788,33,1.56%,,
,https://docs.microsoft.com/en-us/learn/modules/connect-threat-indicators-to-azure-sentinel/,learn.wwl.connect-threat-indicators-to-azure-sentinel,Connect threat indicators to Azure Sentinel ,sc-200,7,244,"1,867",78.24%,216,169,182,,33.66111111,8.277322404,23,4.875,8,1.59%,,
,https://docs.microsoft.com/en-us/learn/modules/secure-vms-with-azure-security-center/,learn.azure-security.secure-vms-with-security-center,Protect your servers and VMs from brute-force and malware attacks with Azure Security Center ,az-500,6,965,"6,032",78.43%,830,651,679,3,151.4169444,9.414525043,44,4.315789474,19,0.00%,,
,https://docs.microsoft.com/en-us/learn/modules/connect-microsoft-services-to-azure-sentinel/,learn.wwl.connect-microsoft-services-to-azure-sentinel,Connect Microsoft services to Azure Sentinel ,sc-200,7,241,"1,882",78.44%,218,171,184,,27.21833333,6.776348548,23,5,2,2.02%,,
,https://docs.microsoft.com/en-us/learn/modules/m365-security-management-mail/,learn-m365.m365-security-management-mail,Protect mail with Microsoft Defender for Office 365 ,ms-500,3,598,"2,450",78.66%,478,376,375,1,97.02638889,9.735089186,10,5,10,2.70%,,
,https://docs.microsoft.com/en-us/learn/modules/manage-phone-system-for-microsoft-teams/,learn.wwl.manage-phone-system-for-microsoft-teams,Manage Phone System for Microsoft Teams ,ms-700,12,50,563,78.95%,38,30,33,3,7.203888889,8.644666667,68,5,3,1.95%,,
,https://docs.microsoft.com/en-us/learn/modules/manage-collaboration-experiences-for-chat-channels/,learn.wwl.manage-collaboration-experiences-for-chat-channels,Manage collaboration experiences for chat and channels ,ms-700,8,48,366,78.95%,38,30,29,3,6.350555556,7.938194444,42,5,1,0.64%,,
,https://docs.microsoft.com/en-us/learn/modules/connect-microsoft-defender-365-to-azure-sentinel/,learn.wwl.connect-microsoft-defender-365-to-azure-sentinel,Connect Microsoft 365 Defender to Azure Sentinel ,sc-200,7,236,"1,940",79.25%,212,168,182,,35.51111111,9.028248588,28,5,3,4.44%,,
,https://docs.microsoft.com/en-us/learn/modules/m365-modern-windows-office-servicing/,learn-m365.modern-windows-office-servicing,Learn about Windows and Microsoft 365 Apps servicing in Microsoft 365 ,md-100,4,781,"4,208",79.40%,665,528,570,3,128.3869444,9.863273581,33,4.8,20,1.96%,,
,https://docs.microsoft.com/en-us/learn/modules/add-custom-domain-name-azure-active-directory/,learn.azure.add-custom-domain-name-azure-active-directory,Add custom domain name to Azure Active Directory ,az-500,5,"1,670","8,961",79.82%,"1,323","1,056","1,140",10,240.6858333,8.64739521,18,4.94,50,6.00%,,
,https://docs.microsoft.com/en-us/learn/modules/m365-modern-security-and-compliance/,learn-m365.get-modern-security-compliance,Update your security and compliance configuration â€“ Windows 10 and Microsoft 365 Apps ,md-100,3,863,"3,464",79.92%,732,585,626,1,144.2994444,10.03240633,17,4.75,24,2.35%,,
,https://docs.microsoft.com/en-us/learn/modules/manage-phone-numbers/,learn.wwl.manage-phone-numbers,Manage phone numbers ,ms-700,8,45,346,80.00%,35,28,30,1,2.264166667,3.018888889,44,5,2,2.27%,,
,https://docs.microsoft.com/en-us/learn/modules/create-dlp-policy-from-built-template/,learn.wwl.create-dlp-policy-from-built-template,Create a DLP policy from a built-in template ,ms-101,7,30,174,80.00%,20,16,13,,1.025833333,2.051666667,23,5,1,#VALUE!,,
,https://docs.microsoft.com/en-us/learn/modules/compliance-endpoint-manager/,learn.compliance-endpoint-manager,Learn how to analyze and resolve compliance issues using Microsoft Endpoint Manager ,md-101,10,528,"5,048",80.74%,431,348,392,3,131.7238889,14.96862374,26,4.851851852,27,3.83%,,
,https://docs.microsoft.com/en-us/learn/modules/m365-compliance-insider-plan-information-barriers/,learn-m365.m365-compliance-insider-plan-information-barriers,Plan information barriers ,ms-500,4,295,"1,261",81.06%,227,184,199,1,35.45333333,7.210847458,25,4.857142857,7,0.00%,,
,https://docs.microsoft.com/en-us/learn/modules/m365-security-digital-estate/,learn-m365.m365-security-digital-estate,Information protection and the growing digital estate ,ms-500,5,506,"3,197",82.38%,437,360,361,3,61.74861111,7.321969697,14,4.933333333,15,5.45%,,
,https://docs.microsoft.com/en-us/learn/modules/manage-apps-for-microsoft-teams/,learn.wwl.manage-apps-for-microsoft-teams,Manage apps for Microsoft Teams ,ms-700,11,44,482,82.86%,35,29,29,,1.701666667,2.320454545,59,5,1,2.22%,,
,https://docs.microsoft.com/en-us/learn/modules/monitor-your-microsoft-teams-environment/,learn.wwl.monitor-your-microsoft-teams-environment,Monitor your Microsoft Teams environment ,ms-700,9,65,497,86.00%,50,43,45,,4.678888889,4.318974359,45,5,2,5.88%,,
,https://docs.microsoft.com/en-us/learn/modules/implement-compliance-for-microsoft-teams/,learn.wwl.implement-compliance-for-microsoft-teams,Implement compliance for Microsoft Teams ,ms-700,12,51,658,86.36%,44,38,40,2,4.079722222,4.799673203,74,5,1,3.77%,,
,https://docs.microsoft.com/en-us/learn/modules/implement-security-for-microsoft-teams/,learn.wwl.implement-security-for-microsoft-teams,Implement security for Microsoft Teams ,ms-700,8,59,596,87.50%,48,42,43,3,3.220555556,3.275141243,35,5,1,5.41%,,
,https://docs.microsoft.com/en-us/learn/modules/implement-compliance-solutions/,learn.wwl.implement-compliance-solutions,Implement compliance solutions ,ms-101,8,34,182,88.24%,17,15,14,,2.408333333,4.25,29,5,2,0.00%,,
